order_item_id,order_id,product_id,quantity,unit_price,line_total
1,1,29,3,21.01,63.03
2,1,20,4,106.54,426.16
3,1,13,4,129.36,517.44
4,1,47,1,39.26,39.26
5,1,30,3,33.08,99.24
6,2,7,4,34.45,137.8
7,2,23,2,36.07,72.14
8,2,8,3,119.26,357.78
9,3,12,1,84.29,84.29
10,3,38,2,186.74,373.48
11,3,44,3,88.75,266.25
12,3,47,1,39.26,39.26
13,3,48,2,11.44,22.88
14,4,20,1,106.54,106.54
15,4,25,2,172.24,344.48
16,4,30,3,33.08,99.24
17,5,40,4,121.88,487.52
18,5,21,4,67.32,269.28
19,6,16,2,115.69,231.38
20,6,37,4,91.63,366.52
21,6,31,4,168.97,675.88
22,6,21,2,67.32,134.64
23,6,6,4,28.2,112.8
24,7,31,2,168.97,337.94
25,7,27,2,88.65,177.3
26,7,26,4,85.35,341.4
27,7,41,3,100.14,300.42
28,7,42,2,92.27,184.54
29,8,14,3,45.13,135.39
30,8,1,4,32.28,129.12
31,9,31,1,168.97,168.97
32,9,32,3,81.57,244.71
33,9,1,1,32.28,32.28
34,9,45,4,146.75,587.0
35,9,32,2,81.57,163.14
36,10,31,4,168.97,675.88
37,10,42,4,92.27,369.08
38,11,42,4,92.27,369.08
39,11,29,4,21.01,84.04
40,11,35,4,20.5,82.0
41,11,34,4,90.37,361.48
42,12,19,1,83.88,83.88
43,12,1,1,32.28,32.28
44,13,13,3,129.36,388.08
45,13,50,1,46.67,46.67
46,14,31,2,168.97,337.94
47,14,19,3,83.88,251.64
48,14,9,2,156.24,312.48
49,15,45,4,146.75,587.0
50,15,40,1,121.88,121.88
51,15,14,1,45.13,45.13
52,15,2,3,45.39,136.17
53,16,12,3,84.29,252.87
54,16,19,1,83.88,83.88
55,16,22,4,171.26,685.04
56,16,24,2,15.55,31.1
57,16,5,4,40.72,162.88
58,17,6,2,28.2,56.4
59,18,39,1,95.52,95.52
60,18,36,4,62.5,250.0
61,18,18,3,23.18,69.54
62,19,14,1,45.13,45.13
63,19,42,4,92.27,369.08
64,19,41,1,100.14,100.14
65,20,29,2,21.01,42.02
66,20,30,3,33.08,99.24
67,21,9,4,156.24,624.96
68,21,43,2,97.63,195.26
69,21,47,2,39.26,78.52
70,21,43,2,97.63,195.26
71,21,35,2,20.5,41.0
72,22,18,3,23.18,69.54
73,23,42,3,92.27,276.81
74,23,41,2,100.14,200.28
75,23,42,3,92.27,276.81
76,23,38,3,186.74,560.22
77,23,36,3,62.5,187.5
78,24,30,3,33.08,99.24
79,24,24,1,15.55,15.55
80,24,31,2,168.97,337.94
81,24,2,4,45.39,181.56
82,24,46,1,105.06,105.06
83,25,40,2,121.88,243.76
84,25,41,2,100.14,200.28
85,25,19,2,83.88,167.76
86,26,44,3,88.75,266.25
87,26,10,2,89.11,178.22
88,27,30,4,33.08,132.32
89,27,30,2,33.08,66.16
90,27,9,3,156.24,468.72
91,27,14,4,45.13,180.52
92,28,2,4,45.39,181.56
93,28,26,1,85.35,85.35
94,28,44,1,88.75,88.75
95,28,1,4,32.28,129.12
96,29,7,3,34.45,103.35
97,29,1,3,32.28,96.84
98,29,16,4,115.69,462.76
99,29,43,4,97.63,390.52
100,29,6,3,28.2,84.6
101,30,13,1,129.36,129.36
102,30,4,1,60.26,60.26
103,30,16,4,115.69,462.76
104,30,43,3,97.63,292.89
105,30,22,1,171.26,171.26
106,31,3,4,10.19,40.76
107,31,17,2,53.56,107.12
108,31,11,4,116.73,466.92
109,31,25,2,172.24,344.48
110,31,16,4,115.69,462.76
111,32,11,3,116.73,350.19
112,32,12,3,84.29,252.87
113,32,9,3,156.24,468.72
114,33,12,2,84.29,168.58
115,33,4,4,60.26,241.04
116,33,44,3,88.75,266.25
117,33,31,1,168.97,168.97
118,33,31,1,168.97,168.97
119,34,32,4,81.57,326.28
120,35,2,1,45.39,45.39
121,36,35,4,20.5,82.0
122,36,30,4,33.08,132.32
123,37,42,4,92.27,369.08
124,38,41,2,100.14,200.28
125,38,11,3,116.73,350.19
126,39,12,3,84.29,252.87
127,39,39,1,95.52,95.52
128,40,26,3,85.35,256.05
129,40,9,1,156.24,156.24
130,40,31,3,168.97,506.91
131,41,29,1,21.01,21.01
132,41,27,4,88.65,354.6
133,42,6,2,28.2,56.4
134,42,24,4,15.55,62.2
135,42,45,1,146.75,146.75
136,43,38,1,186.74,186.74
137,44,21,4,67.32,269.28
138,44,34,1,90.37,90.37
139,45,11,2,116.73,233.46
140,45,37,4,91.63,366.52
141,46,24,1,15.55,15.55
142,47,1,1,32.28,32.28
143,47,20,4,106.54,426.16
144,47,7,2,34.45,68.9
145,48,10,1,89.11,89.11
146,48,37,2,91.63,183.26
147,48,29,4,21.01,84.04
148,48,1,1,32.28,32.28
149,49,20,1,106.54,106.54
150,50,10,3,89.11,267.33
151,50,17,3,53.56,160.68
152,50,8,2,119.26,238.52
153,51,12,2,84.29,168.58
154,51,36,2,62.5,125.0
155,51,1,1,32.28,32.28
156,51,37,1,91.63,91.63
157,52,31,2,168.97,337.94
158,52,16,4,115.69,462.76
159,52,4,3,60.26,180.78
160,52,19,2,83.88,167.76
161,52,18,2,23.18,46.36
162,53,41,4,100.14,400.56
163,53,24,2,15.55,31.1
164,53,18,1,23.18,23.18
165,53,21,1,67.32,67.32
166,54,45,1,146.75,146.75
167,54,28,4,72.4,289.6
168,55,33,4,42.14,168.56
169,55,2,3,45.39,136.17
170,55,32,2,81.57,163.14
171,56,21,3,67.32,201.96
172,56,3,1,10.19,10.19
173,57,49,3,58.92,176.76
174,57,24,1,15.55,15.55
175,58,30,2,33.08,66.16
176,58,22,2,171.26,342.52
177,58,4,4,60.26,241.04
178,59,36,1,62.5,62.5
179,59,9,2,156.24,312.48
180,59,39,4,95.52,382.08
181,60,44,1,88.75,88.75
182,60,12,2,84.29,168.58
183,60,26,4,85.35,341.4
184,60,15,1,145.25,145.25
185,61,28,1,72.4,72.4
186,61,47,3,39.26,117.78
187,61,45,3,146.75,440.25
188,61,27,2,88.65,177.3
189,61,41,4,100.14,400.56
190,62,26,4,85.35,341.4
191,62,13,3,129.36,388.08
192,62,4,2,60.26,120.52
193,62,15,4,145.25,581.0
194,62,29,1,21.01,21.01
195,63,36,1,62.5,62.5
196,64,18,3,23.18,69.54
197,65,22,1,171.26,171.26
198,65,7,1,34.45,34.45
199,66,20,3,106.54,319.62
200,66,48,4,11.44,45.76
201,66,43,4,97.63,390.52
202,66,49,4,58.92,235.68
203,67,27,2,88.65,177.3
204,68,41,1,100.14,100.14
205,68,15,3,145.25,435.75
206,68,12,1,84.29,84.29
207,69,25,2,172.24,344.48
208,69,36,2,62.5,125.0
209,69,19,3,83.88,251.64
210,69,35,4,20.5,82.0
211,69,33,1,42.14,42.14
212,70,48,4,11.44,45.76
213,70,45,2,146.75,293.5
214,70,23,1,36.07,36.07
215,71,30,1,33.08,33.08
216,71,41,4,100.14,400.56
217,72,19,4,83.88,335.52
218,73,4,1,60.26,60.26
219,73,18,3,23.18,69.54
220,73,41,2,100.14,200.28
221,73,36,1,62.5,62.5
222,73,20,1,106.54,106.54
223,74,37,1,91.63,91.63
224,74,6,2,28.2,56.4
225,75,3,3,10.19,30.57
226,75,44,3,88.75,266.25
227,75,16,2,115.69,231.38
228,75,45,3,146.75,440.25
229,76,47,3,39.26,117.78
230,76,4,1,60.26,60.26
231,77,20,3,106.54,319.62
232,78,28,3,72.4,217.2
233,78,40,1,121.88,121.88
234,78,25,3,172.24,516.72
235,78,43,1,97.63,97.63
236,79,31,4,168.97,675.88
237,79,30,3,33.08,99.24
238,79,37,1,91.63,91.63
239,79,2,4,45.39,181.56
240,80,1,2,32.28,64.56
241,80,39,3,95.52,286.56
242,80,2,2,45.39,90.78
243,80,41,3,100.14,300.42
244,80,40,1,121.88,121.88
245,81,13,1,129.36,129.36
246,81,50,2,46.67,93.34
247,81,23,1,36.07,36.07
248,81,12,1,84.29,84.29
249,81,30,1,33.08,33.08
250,82,34,1,90.37,90.37
251,82,43,4,97.63,390.52
252,83,37,4,91.63,366.52
253,83,26,2,85.35,170.7
254,83,12,2,84.29,168.58
255,84,13,4,129.36,517.44
256,85,50,3,46.67,140.01
257,85,33,2,42.14,84.28
258,86,11,3,116.73,350.19
259,86,23,3,36.07,108.21
260,86,41,1,100.14,100.14
261,86,24,3,15.55,46.65
262,87,23,1,36.07,36.07
263,88,15,2,145.25,290.5
264,88,28,1,72.4,72.4
265,89,31,1,168.97,168.97
266,89,22,4,171.26,685.04
267,89,36,3,62.5,187.5
268,89,24,3,15.55,46.65
269,90,31,1,168.97,168.97
270,90,13,4,129.36,517.44
271,90,20,1,106.54,106.54
272,91,5,2,40.72,81.44
273,91,29,3,21.01,63.03
274,91,14,3,45.13,135.39
275,92,17,2,53.56,107.12
276,92,17,4,53.56,214.24
277,92,36,3,62.5,187.5
278,92,25,4,172.24,688.96
279,92,30,2,33.08,66.16
280,93,29,2,21.01,42.02
281,93,49,2,58.92,117.84
282,93,26,1,85.35,85.35
283,93,23,4,36.07,144.28
284,93,45,1,146.75,146.75
285,94,26,3,85.35,256.05
286,94,36,1,62.5,62.5
287,95,39,1,95.52,95.52
288,95,40,4,121.88,487.52
289,95,22,3,171.26,513.78
290,96,46,2,105.06,210.12
291,97,45,2,146.75,293.5
292,97,18,4,23.18,92.72
293,97,7,4,34.45,137.8
294,97,17,1,53.56,53.56
295,97,19,2,83.88,167.76
296,98,21,1,67.32,67.32
297,98,11,1,116.73,116.73
298,98,20,2,106.54,213.08
299,99,43,4,97.63,390.52
300,99,39,3,95.52,286.56
301,99,47,4,39.26,157.04
302,99,44,1,88.75,88.75
303,99,16,1,115.69,115.69
304,100,8,2,119.26,238.52
305,100,13,4,129.36,517.44
306,100,44,1,88.75,88.75
307,100,26,1,85.35,85.35
308,100,40,4,121.88,487.52
309,101,27,2,88.65,177.3
310,101,48,3,11.44,34.32
311,102,35,3,20.5,61.5
312,102,30,4,33.08,132.32
313,102,24,3,15.55,46.65
314,103,44,4,88.75,355.0
315,103,1,3,32.28,96.84
316,103,9,2,156.24,312.48
317,104,16,2,115.69,231.38
318,105,42,1,92.27,92.27
319,105,38,2,186.74,373.48
320,106,5,2,40.72,81.44
321,107,39,4,95.52,382.08
322,107,16,3,115.69,347.07
323,107,13,4,129.36,517.44
324,107,33,1,42.14,42.14
325,108,29,3,21.01,63.03
326,108,43,2,97.63,195.26
327,108,19,4,83.88,335.52
328,108,23,3,36.07,108.21
329,108,18,4,23.18,92.72
330,109,30,1,33.08,33.08
331,109,37,1,91.63,91.63
332,109,9,2,156.24,312.48
333,110,14,1,45.13,45.13
334,110,30,2,33.08,66.16
335,110,15,3,145.25,435.75
336,111,10,1,89.11,89.11
337,111,46,2,105.06,210.12
338,112,21,4,67.32,269.28
339,112,40,1,121.88,121.88
340,112,11,3,116.73,350.19
341,113,23,2,36.07,72.14
342,113,15,1,145.25,145.25
343,113,1,4,32.28,129.12
344,114,35,2,20.5,41.0
345,114,26,1,85.35,85.35
346,114,49,4,58.92,235.68
347,114,39,1,95.52,95.52
348,115,41,1,100.14,100.14
349,115,24,1,15.55,15.55
350,116,43,2,97.63,195.26
351,117,30,2,33.08,66.16
352,117,11,4,116.73,466.92
353,118,47,1,39.26,39.26
354,118,7,3,34.45,103.35
355,118,11,1,116.73,116.73
356,119,10,1,89.11,89.11
357,120,36,4,62.5,250.0
358,120,47,2,39.26,78.52
359,121,18,3,23.18,69.54
360,122,24,1,15.55,15.55
361,123,33,1,42.14,42.14
362,123,48,2,11.44,22.88
363,123,6,4,28.2,112.8
364,123,38,4,186.74,746.96
365,124,30,1,33.08,33.08
366,124,20,4,106.54,426.16
367,124,47,4,39.26,157.04
368,124,14,2,45.13,90.26
369,125,31,2,168.97,337.94
370,125,6,2,28.2,56.4
371,125,37,3,91.63,274.89
372,126,46,4,105.06,420.24
373,126,40,2,121.88,243.76
374,126,13,1,129.36,129.36
375,127,11,2,116.73,233.46
376,127,27,3,88.65,265.95
377,127,19,4,83.88,335.52
378,127,13,4,129.36,517.44
379,127,38,4,186.74,746.96
380,128,7,1,34.45,34.45
381,129,12,4,84.29,337.16
382,129,37,2,91.63,183.26
383,129,46,4,105.06,420.24
384,130,14,2,45.13,90.26
385,130,24,1,15.55,15.55
386,131,39,3,95.52,286.56
387,131,9,4,156.24,624.96
388,131,46,4,105.06,420.24
389,131,4,3,60.26,180.78
390,132,15,3,145.25,435.75
391,132,6,4,28.2,112.8
392,132,41,3,100.14,300.42
393,132,47,2,39.26,78.52
394,132,18,1,23.18,23.18
395,133,23,2,36.07,72.14
396,133,49,1,58.92,58.92
397,133,35,3,20.5,61.5
398,134,2,4,45.39,181.56
399,135,4,3,60.26,180.78
400,135,50,2,46.67,93.34
401,135,16,2,115.69,231.38
402,135,48,1,11.44,11.44
403,135,9,2,156.24,312.48
404,136,44,3,88.75,266.25
405,136,41,1,100.14,100.14
406,137,11,4,116.73,466.92
407,137,18,3,23.18,69.54
408,138,14,2,45.13,90.26
409,138,6,2,28.2,56.4
410,139,32,3,81.57,244.71
411,139,7,3,34.45,103.35
412,139,35,1,20.5,20.5
413,139,16,3,115.69,347.07
414,139,15,2,145.25,290.5
415,140,29,2,21.01,42.02
416,140,19,4,83.88,335.52
417,140,38,3,186.74,560.22
418,140,26,2,85.35,170.7
419,140,44,4,88.75,355.0
420,141,3,1,10.19,10.19
421,142,18,2,23.18,46.36
422,143,30,2,33.08,66.16
423,143,5,1,40.72,40.72
424,143,33,4,42.14,168.56
425,143,36,1,62.5,62.5
426,143,20,3,106.54,319.62
427,144,24,2,15.55,31.1
428,144,46,2,105.06,210.12
429,144,45,3,146.75,440.25
430,144,29,2,21.01,42.02
431,144,33,3,42.14,126.42
432,145,21,1,67.32,67.32
433,146,29,2,21.01,42.02
434,146,35,1,20.5,20.5
435,147,46,3,105.06,315.18
436,147,29,1,21.01,21.01
437,147,42,3,92.27,276.81
438,147,21,4,67.32,269.28
439,147,17,1,53.56,53.56
440,148,48,3,11.44,34.32
441,148,34,3,90.37,271.11
442,148,14,2,45.13,90.26
443,149,13,4,129.36,517.44
444,149,34,4,90.37,361.48
445,150,42,2,92.27,184.54
446,150,40,3,121.88,365.64
447,150,41,2,100.14,200.28
448,151,29,2,21.01,42.02
449,151,21,4,67.32,269.28
450,151,35,3,20.5,61.5
451,151,21,3,67.32,201.96
452,151,30,2,33.08,66.16
453,152,11,1,116.73,116.73
454,152,5,4,40.72,162.88
455,153,12,1,84.29,84.29
456,153,1,2,32.28,64.56
457,153,26,3,85.35,256.05
458,153,38,2,186.74,373.48
459,153,46,1,105.06,105.06
460,154,38,2,186.74,373.48
461,154,19,3,83.88,251.64
462,154,11,1,116.73,116.73
463,154,13,2,129.36,258.72
464,155,28,3,72.4,217.2
465,155,12,2,84.29,168.58
466,155,43,1,97.63,97.63
467,156,19,4,83.88,335.52
468,156,12,1,84.29,84.29
469,156,43,3,97.63,292.89
470,157,36,2,62.5,125.0
471,157,20,1,106.54,106.54
472,158,40,3,121.88,365.64
473,158,16,1,115.69,115.69
474,158,50,1,46.67,46.67
475,159,32,4,81.57,326.28
476,160,10,4,89.11,356.44
477,160,24,2,15.55,31.1
478,160,6,4,28.2,112.8
479,160,26,4,85.35,341.4
480,161,45,3,146.75,440.25
481,161,26,4,85.35,341.4
482,161,17,1,53.56,53.56
483,161,42,4,92.27,369.08
484,162,48,2,11.44,22.88
485,162,12,2,84.29,168.58
486,162,14,4,45.13,180.52
487,162,46,1,105.06,105.06
488,162,45,1,146.75,146.75
489,163,15,1,145.25,145.25
490,163,26,3,85.35,256.05
491,163,7,3,34.45,103.35
492,164,36,1,62.5,62.5
493,165,18,2,23.18,46.36
494,165,26,4,85.35,341.4
495,165,29,2,21.01,42.02
496,166,13,1,129.36,129.36
497,167,13,4,129.36,517.44
498,167,25,1,172.24,172.24
499,167,17,4,53.56,214.24
500,168,24,4,15.55,62.2
501,168,17,2,53.56,107.12
502,169,15,1,145.25,145.25
503,170,50,2,46.67,93.34
504,170,12,2,84.29,168.58
505,170,44,4,88.75,355.0
506,171,22,3,171.26,513.78
507,171,50,3,46.67,140.01
508,171,49,3,58.92,176.76
509,171,38,2,186.74,373.48
510,171,39,1,95.52,95.52
511,172,16,4,115.69,462.76
512,173,27,4,88.65,354.6
513,173,34,2,90.37,180.74
514,173,3,1,10.19,10.19
515,173,20,3,106.54,319.62
516,173,29,1,21.01,21.01
517,174,47,1,39.26,39.26
518,174,28,3,72.4,217.2
519,174,24,4,15.55,62.2
520,174,26,2,85.35,170.7
521,175,36,1,62.5,62.5
522,176,23,2,36.07,72.14
523,176,31,3,168.97,506.91
524,177,7,4,34.45,137.8
525,178,4,3,60.26,180.78
526,179,6,4,28.2,112.8
527,179,29,4,21.01,84.04
528,179,13,3,129.36,388.08
529,179,4,1,60.26,60.26
530,180,47,4,39.26,157.04
531,180,23,2,36.07,72.14
532,180,49,3,58.92,176.76
533,180,26,4,85.35,341.4
534,180,48,3,11.44,34.32
535,181,14,4,45.13,180.52
536,181,41,1,100.14,100.14
537,182,21,4,67.32,269.28
538,182,23,4,36.07,144.28
539,182,20,3,106.54,319.62
540,183,20,3,106.54,319.62
541,183,47,1,39.26,39.26
542,184,19,1,83.88,83.88
543,184,23,1,36.07,36.07
544,185,34,4,90.37,361.48
545,185,33,2,42.14,84.28
546,185,18,1,23.18,23.18
547,186,46,4,105.06,420.24
548,186,1,4,32.28,129.12
549,186,6,2,28.2,56.4
550,186,24,4,15.55,62.2
551,187,20,1,106.54,106.54
552,187,47,4,39.26,157.04
553,187,20,1,106.54,106.54
554,188,49,2,58.92,117.84
555,188,35,1,20.5,20.5
556,188,27,4,88.65,354.6
557,188,24,2,15.55,31.1
558,188,1,2,32.28,64.56
559,189,39,2,95.52,191.04
560,189,10,2,89.11,178.22
561,190,47,4,39.26,157.04
562,191,11,4,116.73,466.92
563,192,21,2,67.32,134.64
564,192,39,3,95.52,286.56
565,193,36,1,62.5,62.5
566,193,36,1,62.5,62.5
567,193,22,4,171.26,685.04
568,194,30,4,33.08,132.32
569,194,2,3,45.39,136.17
570,194,10,3,89.11,267.33
571,194,6,4,28.2,112.8
572,194,15,1,145.25,145.25
573,195,6,4,28.2,112.8
574,195,19,1,83.88,83.88
575,195,4,4,60.26,241.04
576,195,43,2,97.63,195.26
577,195,47,2,39.26,78.52
578,196,23,1,36.07,36.07
579,196,38,1,186.74,186.74
580,196,17,1,53.56,53.56
581,196,46,3,105.06,315.18
582,196,21,3,67.32,201.96
583,197,4,3,60.26,180.78
584,197,18,4,23.18,92.72
585,197,26,4,85.35,341.4
586,197,6,4,28.2,112.8
587,198,45,2,146.75,293.5
588,199,17,4,53.56,214.24
589,199,31,2,168.97,337.94
590,199,12,4,84.29,337.16
591,200,27,4,88.65,354.6
592,201,3,2,10.19,20.38
593,201,49,1,58.92,58.92
594,201,9,4,156.24,624.96
595,202,37,3,91.63,274.89
596,202,47,1,39.26,39.26
597,202,40,3,121.88,365.64
598,203,25,3,172.24,516.72
599,203,25,3,172.24,516.72
600,203,40,4,121.88,487.52
601,204,10,2,89.11,178.22
602,205,33,3,42.14,126.42
603,205,31,4,168.97,675.88
604,206,44,3,88.75,266.25
605,206,48,4,11.44,45.76
606,206,27,1,88.65,88.65
607,207,38,4,186.74,746.96
608,207,9,2,156.24,312.48
609,208,40,4,121.88,487.52
610,208,38,3,186.74,560.22
611,208,47,1,39.26,39.26
612,208,47,2,39.26,78.52
613,209,29,3,21.01,63.03
614,210,8,4,119.26,477.04
615,210,3,2,10.19,20.38
616,210,23,1,36.07,36.07
617,210,32,2,81.57,163.14
618,210,5,2,40.72,81.44
619,211,39,1,95.52,95.52
620,211,43,2,97.63,195.26
621,212,30,4,33.08,132.32
622,213,31,3,168.97,506.91
623,214,3,3,10.19,30.57
624,214,48,3,11.44,34.32
625,215,44,4,88.75,355.0
626,215,4,1,60.26,60.26
627,215,10,1,89.11,89.11
628,215,14,2,45.13,90.26
629,216,33,4,42.14,168.56
630,216,13,4,129.36,517.44
631,216,47,2,39.26,78.52
632,217,39,3,95.52,286.56
633,217,11,3,116.73,350.19
634,217,39,2,95.52,191.04
635,217,3,3,10.19,30.57
636,218,35,3,20.5,61.5
637,219,36,4,62.5,250.0
638,220,41,2,100.14,200.28
639,221,39,2,95.52,191.04
640,221,34,2,90.37,180.74
641,221,24,2,15.55,31.1
642,221,13,2,129.36,258.72
643,221,40,3,121.88,365.64
644,222,10,1,89.11,89.11
645,222,16,1,115.69,115.69
646,222,41,4,100.14,400.56
647,222,40,2,121.88,243.76
648,223,21,1,67.32,67.32
649,223,27,2,88.65,177.3
650,224,40,3,121.88,365.64
651,224,46,3,105.06,315.18
652,224,27,4,88.65,354.6
653,225,13,3,129.36,388.08
654,225,21,4,67.32,269.28
655,225,11,3,116.73,350.19
656,225,45,2,146.75,293.5
657,226,6,3,28.2,84.6
658,226,33,4,42.14,168.56
659,226,8,1,119.26,119.26
660,226,22,1,171.26,171.26
661,227,50,3,46.67,140.01
662,227,31,3,168.97,506.91
663,227,27,3,88.65,265.95
664,227,16,1,115.69,115.69
665,227,10,4,89.11,356.44
666,228,47,3,39.26,117.78
667,229,17,3,53.56,160.68
668,229,32,3,81.57,244.71
669,229,50,3,46.67,140.01
670,230,9,2,156.24,312.48
671,230,2,2,45.39,90.78
672,230,2,2,45.39,90.78
673,231,38,4,186.74,746.96
674,232,19,2,83.88,167.76
675,232,12,1,84.29,84.29
676,232,20,4,106.54,426.16
677,233,47,3,39.26,117.78
678,233,5,4,40.72,162.88
679,233,5,4,40.72,162.88
680,234,47,1,39.26,39.26
681,234,2,2,45.39,90.78
682,234,34,3,90.37,271.11
683,234,39,2,95.52,191.04
684,235,20,4,106.54,426.16
685,235,38,3,186.74,560.22
686,235,7,3,34.45,103.35
687,235,27,2,88.65,177.3
688,235,40,2,121.88,243.76
689,236,24,1,15.55,15.55
690,236,39,4,95.52,382.08
691,236,25,2,172.24,344.48
692,237,34,2,90.37,180.74
693,237,46,3,105.06,315.18
694,237,6,1,28.2,28.2
695,238,31,3,168.97,506.91
696,238,41,2,100.14,200.28
697,239,45,4,146.75,587.0
698,239,14,3,45.13,135.39
699,239,11,3,116.73,350.19
700,240,34,3,90.37,271.11
701,240,1,4,32.28,129.12
702,240,15,1,145.25,145.25
703,241,25,1,172.24,172.24
704,241,4,1,60.26,60.26
705,241,5,4,40.72,162.88
706,241,4,2,60.26,120.52
707,242,22,1,171.26,171.26
708,242,9,4,156.24,624.96
709,242,22,3,171.26,513.78
710,242,29,4,21.01,84.04
711,242,47,1,39.26,39.26
712,243,23,2,36.07,72.14
713,243,41,2,100.14,200.28
714,244,30,4,33.08,132.32
715,244,18,4,23.18,92.72
716,244,9,2,156.24,312.48
717,245,18,2,23.18,46.36
718,245,36,1,62.5,62.5
719,245,37,4,91.63,366.52
720,246,3,2,10.19,20.38
721,246,7,3,34.45,103.35
722,246,24,1,15.55,15.55
723,247,35,4,20.5,82.0
724,248,7,2,34.45,68.9
725,248,3,2,10.19,20.38
726,248,4,2,60.26,120.52
727,249,29,1,21.01,21.01
728,249,20,2,106.54,213.08
729,249,2,4,45.39,181.56
730,249,17,4,53.56,214.24
731,250,27,4,88.65,354.6
732,250,48,4,11.44,45.76
733,250,8,4,119.26,477.04
734,250,46,1,105.06,105.06
735,251,32,2,81.57,163.14
736,252,43,1,97.63,97.63
737,252,36,3,62.5,187.5
738,252,12,2,84.29,168.58
739,253,36,1,62.5,62.5
740,254,15,2,145.25,290.5
741,254,31,3,168.97,506.91
742,255,32,2,81.57,163.14
743,255,8,1,119.26,119.26
744,255,48,4,11.44,45.76
745,256,44,3,88.75,266.25
746,256,21,2,67.32,134.64
747,256,4,1,60.26,60.26
748,256,26,1,85.35,85.35
749,256,7,3,34.45,103.35
750,257,4,4,60.26,241.04
751,257,13,3,129.36,388.08
752,257,34,4,90.37,361.48
753,258,8,3,119.26,357.78
754,258,36,4,62.5,250.0
755,259,44,2,88.75,177.5
756,259,47,2,39.26,78.52
757,259,12,4,84.29,337.16
758,260,16,2,115.69,231.38
759,261,1,2,32.28,64.56
760,261,4,2,60.26,120.52
761,262,35,2,20.5,41.0
762,263,7,3,34.45,103.35
763,264,42,4,92.27,369.08
764,265,18,1,23.18,23.18
765,265,19,1,83.88,83.88
766,265,42,1,92.27,92.27
767,266,38,1,186.74,186.74
768,267,5,4,40.72,162.88
769,268,41,4,100.14,400.56
770,268,30,1,33.08,33.08
771,268,32,3,81.57,244.71
772,268,3,4,10.19,40.76
773,269,29,2,21.01,42.02
774,269,2,1,45.39,45.39
775,270,10,4,89.11,356.44
776,270,40,1,121.88,121.88
777,270,35,3,20.5,61.5
778,271,7,2,34.45,68.9
779,271,35,4,20.5,82.0
780,271,26,1,85.35,85.35
781,271,49,1,58.92,58.92
782,271,36,3,62.5,187.5
783,272,14,1,45.13,45.13
784,273,40,2,121.88,243.76
785,273,24,2,15.55,31.1
786,273,50,3,46.67,140.01
787,273,43,2,97.63,195.26
788,274,11,4,116.73,466.92
789,274,32,3,81.57,244.71
790,274,47,2,39.26,78.52
791,275,3,4,10.19,40.76
792,276,29,4,21.01,84.04
793,276,5,3,40.72,122.16
794,277,24,1,15.55,15.55
795,277,5,1,40.72,40.72
796,278,2,1,45.39,45.39
797,279,35,4,20.5,82.0
798,279,44,2,88.75,177.5
799,279,36,1,62.5,62.5
800,279,18,1,23.18,23.18
801,279,5,1,40.72,40.72
802,280,30,2,33.08,66.16
803,280,19,4,83.88,335.52
804,280,47,3,39.26,117.78
805,281,10,4,89.11,356.44
806,281,42,1,92.27,92.27
807,281,6,1,28.2,28.2
808,282,19,1,83.88,83.88
809,282,28,3,72.4,217.2
810,283,11,3,116.73,350.19
811,283,44,4,88.75,355.0
812,283,46,1,105.06,105.06
813,284,24,1,15.55,15.55
814,285,35,2,20.5,41.0
815,286,4,3,60.26,180.78
816,286,37,3,91.63,274.89
817,287,18,3,23.18,69.54
818,287,14,1,45.13,45.13
819,287,47,3,39.26,117.78
820,287,28,3,72.4,217.2
821,288,29,1,21.01,21.01
822,288,38,4,186.74,746.96
823,289,25,4,172.24,688.96
824,289,37,3,91.63,274.89
825,289,39,4,95.52,382.08
826,289,14,4,45.13,180.52
827,290,36,2,62.5,125.0
828,290,49,1,58.92,58.92
829,290,35,2,20.5,41.0
830,290,40,1,121.88,121.88
831,291,43,1,97.63,97.63
832,291,30,4,33.08,132.32
833,292,12,4,84.29,337.16
834,292,2,4,45.39,181.56
835,292,17,2,53.56,107.12
836,292,32,4,81.57,326.28
837,292,23,3,36.07,108.21
838,293,30,1,33.08,33.08
839,293,9,2,156.24,312.48
840,293,34,4,90.37,361.48
841,293,36,4,62.5,250.0
842,293,31,1,168.97,168.97
843,294,42,4,92.27,369.08
844,294,2,1,45.39,45.39
845,294,19,1,83.88,83.88
846,294,29,3,21.01,63.03
847,295,15,1,145.25,145.25
848,295,50,2,46.67,93.34
849,295,47,3,39.26,117.78
850,296,33,1,42.14,42.14
851,296,32,4,81.57,326.28
852,296,9,2,156.24,312.48
853,296,34,4,90.37,361.48
854,296,34,3,90.37,271.11
855,297,10,2,89.11,178.22
856,297,21,1,67.32,67.32
857,297,18,1,23.18,23.18
858,297,25,2,172.24,344.48
859,298,10,4,89.11,356.44
860,298,4,4,60.26,241.04
861,298,21,2,67.32,134.64
862,298,33,1,42.14,42.14
863,298,36,4,62.5,250.0
864,299,33,2,42.14,84.28
865,299,8,3,119.26,357.78
866,299,23,3,36.07,108.21
867,300,12,2,84.29,168.58
868,301,49,4,58.92,235.68
869,301,28,4,72.4,289.6
870,301,46,2,105.06,210.12
871,301,31,1,168.97,168.97
872,301,7,4,34.45,137.8
873,302,13,4,129.36,517.44
874,302,6,1,28.2,28.2
875,302,25,4,172.24,688.96
876,302,46,4,105.06,420.24
877,303,28,1,72.4,72.4
878,303,21,4,67.32,269.28
879,303,48,1,11.44,11.44
880,304,38,4,186.74,746.96
881,305,8,1,119.26,119.26
882,305,33,1,42.14,42.14
883,305,39,1,95.52,95.52
884,305,3,3,10.19,30.57
885,306,45,2,146.75,293.5
886,306,49,4,58.92,235.68
887,306,48,3,11.44,34.32
888,306,46,3,105.06,315.18
889,306,30,1,33.08,33.08
890,307,9,4,156.24,624.96
891,307,15,3,145.25,435.75
892,308,8,4,119.26,477.04
893,308,25,3,172.24,516.72
894,308,7,4,34.45,137.8
895,308,4,1,60.26,60.26
896,308,13,1,129.36,129.36
897,309,44,1,88.75,88.75
898,309,28,3,72.4,217.2
899,310,19,3,83.88,251.64
900,310,30,3,33.08,99.24
901,310,25,1,172.24,172.24
902,311,37,2,91.63,183.26
903,312,11,2,116.73,233.46
904,312,22,4,171.26,685.04
905,312,1,1,32.28,32.28
906,312,42,3,92.27,276.81
907,313,40,2,121.88,243.76
908,313,7,2,34.45,68.9
909,313,49,1,58.92,58.92
910,313,46,4,105.06,420.24
911,313,25,2,172.24,344.48
912,314,44,2,88.75,177.5
913,314,41,3,100.14,300.42
914,314,12,1,84.29,84.29
915,314,17,4,53.56,214.24
916,315,12,1,84.29,84.29
917,316,20,4,106.54,426.16
918,316,14,2,45.13,90.26
919,316,5,4,40.72,162.88
920,316,25,1,172.24,172.24
921,317,33,1,42.14,42.14
922,317,6,4,28.2,112.8
923,317,2,4,45.39,181.56
924,317,21,2,67.32,134.64
925,317,8,2,119.26,238.52
926,318,22,1,171.26,171.26
927,318,48,4,11.44,45.76
928,319,34,3,90.37,271.11
929,319,2,4,45.39,181.56
930,319,11,4,116.73,466.92
931,319,48,2,11.44,22.88
932,319,19,3,83.88,251.64
933,320,7,3,34.45,103.35
934,320,30,3,33.08,99.24
935,320,14,4,45.13,180.52
936,320,6,2,28.2,56.4
937,321,37,4,91.63,366.52
938,321,21,3,67.32,201.96
939,322,30,3,33.08,99.24
940,322,6,2,28.2,56.4
941,322,25,2,172.24,344.48
942,322,17,2,53.56,107.12
943,322,35,3,20.5,61.5
944,323,37,2,91.63,183.26
945,323,15,2,145.25,290.5
946,323,8,3,119.26,357.78
947,324,20,3,106.54,319.62
948,325,39,4,95.52,382.08
949,325,13,4,129.36,517.44
950,325,22,3,171.26,513.78
951,325,8,4,119.26,477.04
952,325,43,1,97.63,97.63
953,326,45,1,146.75,146.75
954,326,34,1,90.37,90.37
955,326,40,4,121.88,487.52
956,326,9,2,156.24,312.48
957,326,12,1,84.29,84.29
958,327,47,2,39.26,78.52
959,328,11,2,116.73,233.46
960,328,36,3,62.5,187.5
961,328,9,3,156.24,468.72
962,329,27,1,88.65,88.65
963,329,32,3,81.57,244.71
964,330,47,1,39.26,39.26
965,330,9,3,156.24,468.72
966,331,35,1,20.5,20.5
967,331,5,2,40.72,81.44
968,331,49,4,58.92,235.68
969,331,3,2,10.19,20.38
970,332,12,3,84.29,252.87
971,332,31,1,168.97,168.97
972,332,30,4,33.08,132.32
973,332,50,4,46.67,186.68
974,332,39,4,95.52,382.08
975,333,17,1,53.56,53.56
976,333,1,1,32.28,32.28
977,333,2,3,45.39,136.17
978,334,44,4,88.75,355.0
979,334,47,2,39.26,78.52
980,335,15,2,145.25,290.5
981,335,46,2,105.06,210.12
982,335,22,3,171.26,513.78
983,336,10,2,89.11,178.22
984,336,23,1,36.07,36.07
985,336,34,2,90.37,180.74
986,336,30,2,33.08,66.16
987,337,38,1,186.74,186.74
988,337,50,4,46.67,186.68
989,337,46,1,105.06,105.06
990,337,31,4,168.97,675.88
991,337,15,3,145.25,435.75
992,338,42,3,92.27,276.81
993,338,40,2,121.88,243.76
994,338,36,2,62.5,125.0
995,338,29,3,21.01,63.03
996,338,44,1,88.75,88.75
997,339,17,4,53.56,214.24
998,339,10,2,89.11,178.22
999,339,47,1,39.26,39.26
1000,340,20,3,106.54,319.62
1001,340,25,1,172.24,172.24
1002,341,36,3,62.5,187.5
1003,341,11,4,116.73,466.92
1004,341,46,3,105.06,315.18
1005,341,37,1,91.63,91.63
1006,341,3,3,10.19,30.57
1007,342,11,2,116.73,233.46
1008,342,39,2,95.52,191.04
1009,342,3,1,10.19,10.19
1010,342,2,2,45.39,90.78
1011,342,35,4,20.5,82.0
1012,343,21,4,67.32,269.28
1013,343,10,1,89.11,89.11
1014,343,41,3,100.14,300.42
1015,343,29,2,21.01,42.02
1016,343,5,2,40.72,81.44
1017,344,24,3,15.55,46.65
1018,344,12,3,84.29,252.87
1019,344,50,3,46.67,140.01
1020,345,26,4,85.35,341.4
1021,345,11,1,116.73,116.73
1022,346,22,3,171.26,513.78
1023,347,10,2,89.11,178.22
1024,347,48,2,11.44,22.88
1025,347,30,1,33.08,33.08
1026,347,40,3,121.88,365.64
1027,348,21,1,67.32,67.32
1028,348,48,4,11.44,45.76
1029,348,2,3,45.39,136.17
1030,348,26,3,85.35,256.05
1031,349,8,3,119.26,357.78
1032,350,4,4,60.26,241.04
1033,350,14,4,45.13,180.52
1034,350,18,1,23.18,23.18
1035,350,37,3,91.63,274.89
1036,350,32,2,81.57,163.14
1037,351,1,1,32.28,32.28
1038,351,10,1,89.11,89.11
1039,351,48,2,11.44,22.88
1040,352,39,1,95.52,95.52
1041,352,6,1,28.2,28.2
1042,352,23,2,36.07,72.14
1043,352,47,2,39.26,78.52
1044,352,47,4,39.26,157.04
1045,353,2,2,45.39,90.78
1046,354,5,4,40.72,162.88
1047,354,22,1,171.26,171.26
1048,354,33,2,42.14,84.28
1049,354,8,1,119.26,119.26
1050,354,24,4,15.55,62.2
1051,355,41,1,100.14,100.14
1052,355,30,1,33.08,33.08
1053,355,28,1,72.4,72.4
1054,356,50,2,46.67,93.34
1055,357,11,1,116.73,116.73
1056,357,6,2,28.2,56.4
1057,357,9,3,156.24,468.72
1058,358,26,4,85.35,341.4
1059,358,37,4,91.63,366.52
1060,358,9,4,156.24,624.96
1061,358,9,4,156.24,624.96
1062,359,1,1,32.28,32.28
1063,359,46,4,105.06,420.24
1064,359,25,1,172.24,172.24
1065,360,19,1,83.88,83.88
1066,360,18,1,23.18,23.18
1067,360,27,1,88.65,88.65
1068,360,26,1,85.35,85.35
1069,360,6,3,28.2,84.6
1070,361,48,1,11.44,11.44
1071,361,26,3,85.35,256.05
1072,361,29,3,21.01,63.03
1073,361,3,1,10.19,10.19
1074,361,40,3,121.88,365.64
1075,362,3,4,10.19,40.76
1076,362,15,4,145.25,581.0
1077,362,17,1,53.56,53.56
1078,362,50,4,46.67,186.68
1079,363,27,2,88.65,177.3
1080,363,23,2,36.07,72.14
1081,364,17,3,53.56,160.68
1082,364,6,2,28.2,56.4
1083,364,24,3,15.55,46.65
1084,364,14,3,45.13,135.39
1085,365,40,2,121.88,243.76
1086,366,35,1,20.5,20.5
1087,367,23,4,36.07,144.28
1088,368,20,1,106.54,106.54
1089,368,3,3,10.19,30.57
1090,368,26,2,85.35,170.7
1091,368,27,3,88.65,265.95
1092,368,2,2,45.39,90.78
1093,369,50,2,46.67,93.34
1094,369,44,2,88.75,177.5
1095,369,27,2,88.65,177.3
1096,369,49,2,58.92,117.84
1097,370,36,3,62.5,187.5
1098,370,1,2,32.28,64.56
1099,370,40,1,121.88,121.88
1100,370,12,2,84.29,168.58
1101,370,38,1,186.74,186.74
1102,371,29,4,21.01,84.04
1103,371,43,1,97.63,97.63
1104,371,28,3,72.4,217.2
1105,371,5,1,40.72,40.72
1106,371,49,3,58.92,176.76
1107,372,43,2,97.63,195.26
1108,373,14,4,45.13,180.52
1109,373,50,3,46.67,140.01
1110,373,17,3,53.56,160.68
1111,373,50,2,46.67,93.34
1112,373,26,2,85.35,170.7
1113,374,27,3,88.65,265.95
1114,375,48,1,11.44,11.44
1115,375,48,2,11.44,22.88
1116,375,16,3,115.69,347.07
1117,375,14,4,45.13,180.52
1118,375,45,4,146.75,587.0
1119,376,15,3,145.25,435.75
1120,376,47,2,39.26,78.52
1121,376,41,3,100.14,300.42
1122,377,39,4,95.52,382.08
1123,377,2,2,45.39,90.78
1124,377,49,1,58.92,58.92
1125,378,35,2,20.5,41.0
1126,378,33,2,42.14,84.28
1127,378,33,4,42.14,168.56
1128,379,44,3,88.75,266.25
1129,379,16,2,115.69,231.38
1130,379,41,3,100.14,300.42
1131,380,20,4,106.54,426.16
1132,380,12,4,84.29,337.16
1133,380,32,3,81.57,244.71
1134,380,8,3,119.26,357.78
1135,381,10,1,89.11,89.11
1136,381,12,2,84.29,168.58
1137,381,49,1,58.92,58.92
1138,381,6,3,28.2,84.6
1139,382,20,2,106.54,213.08
1140,382,44,3,88.75,266.25
1141,383,4,1,60.26,60.26
1142,384,26,1,85.35,85.35
1143,385,12,4,84.29,337.16
1144,385,32,2,81.57,163.14
1145,385,1,1,32.28,32.28
1146,385,6,3,28.2,84.6
1147,385,26,4,85.35,341.4
1148,386,11,3,116.73,350.19
1149,386,11,4,116.73,466.92
1150,387,29,3,21.01,63.03
1151,387,18,2,23.18,46.36
1152,388,38,1,186.74,186.74
1153,388,34,4,90.37,361.48
1154,388,18,3,23.18,69.54
1155,388,48,1,11.44,11.44
1156,389,38,2,186.74,373.48
1157,389,48,2,11.44,22.88
1158,390,29,2,21.01,42.02
1159,390,25,2,172.24,344.48
1160,390,39,2,95.52,191.04
1161,390,42,4,92.27,369.08
1162,391,14,1,45.13,45.13
1163,391,36,2,62.5,125.0
1164,391,48,4,11.44,45.76
1165,392,21,1,67.32,67.32
1166,392,36,3,62.5,187.5
1167,393,9,2,156.24,312.48
1168,393,8,1,119.26,119.26
1169,393,34,2,90.37,180.74
1170,394,41,3,100.14,300.42
1171,394,30,4,33.08,132.32
1172,394,22,4,171.26,685.04
1173,394,44,4,88.75,355.0
1174,394,42,1,92.27,92.27
1175,395,9,3,156.24,468.72
1176,396,21,3,67.32,201.96
1177,397,43,2,97.63,195.26
1178,397,15,4,145.25,581.0
1179,397,47,4,39.26,157.04
1180,398,25,1,172.24,172.24
1181,398,2,3,45.39,136.17
1182,398,49,4,58.92,235.68
1183,399,43,4,97.63,390.52
1184,399,28,3,72.4,217.2
1185,400,29,4,21.01,84.04
1186,400,37,4,91.63,366.52
1187,400,2,1,45.39,45.39
1188,401,23,2,36.07,72.14
1189,401,31,4,168.97,675.88
1190,401,27,2,88.65,177.3
1191,401,16,2,115.69,231.38
1192,401,47,1,39.26,39.26
1193,402,16,3,115.69,347.07
1194,402,21,2,67.32,134.64
1195,402,7,2,34.45,68.9
1196,402,42,2,92.27,184.54
1197,402,11,2,116.73,233.46
1198,403,9,1,156.24,156.24
1199,403,8,2,119.26,238.52
1200,403,36,4,62.5,250.0
1201,404,44,1,88.75,88.75
1202,404,18,4,23.18,92.72
1203,404,26,4,85.35,341.4
1204,405,18,2,23.18,46.36
1205,405,2,2,45.39,90.78
1206,405,21,4,67.32,269.28
1207,405,15,1,145.25,145.25
1208,406,48,1,11.44,11.44
1209,406,12,2,84.29,168.58
1210,407,1,2,32.28,64.56
1211,407,28,2,72.4,144.8
1212,407,32,1,81.57,81.57
1213,407,19,2,83.88,167.76
1214,407,20,1,106.54,106.54
1215,408,18,3,23.18,69.54
1216,408,24,2,15.55,31.1
1217,409,29,4,21.01,84.04
1218,409,45,1,146.75,146.75
1219,409,46,3,105.06,315.18
1220,409,32,1,81.57,81.57
1221,409,27,2,88.65,177.3
1222,410,5,4,40.72,162.88
1223,410,41,4,100.14,400.56
1224,410,6,2,28.2,56.4
1225,410,23,2,36.07,72.14
1226,411,18,2,23.18,46.36
1227,411,45,2,146.75,293.5
1228,411,33,3,42.14,126.42
1229,411,26,2,85.35,170.7
1230,412,8,4,119.26,477.04
1231,412,32,1,81.57,81.57
1232,412,34,2,90.37,180.74
1233,413,17,4,53.56,214.24
1234,413,33,2,42.14,84.28
1235,413,35,1,20.5,20.5
1236,413,36,1,62.5,62.5
1237,414,2,4,45.39,181.56
1238,414,47,2,39.26,78.52
1239,415,38,1,186.74,186.74
1240,415,27,2,88.65,177.3
1241,415,19,4,83.88,335.52
1242,415,45,1,146.75,146.75
1243,415,31,1,168.97,168.97
1244,416,29,4,21.01,84.04
1245,417,14,1,45.13,45.13
1246,417,16,4,115.69,462.76
1247,418,34,4,90.37,361.48
1248,418,24,3,15.55,46.65
1249,418,27,1,88.65,88.65
1250,418,35,4,20.5,82.0
1251,418,30,2,33.08,66.16
1252,419,42,4,92.27,369.08
1253,419,1,3,32.28,96.84
1254,419,2,1,45.39,45.39
1255,419,48,4,11.44,45.76
1256,420,5,3,40.72,122.16
1257,420,46,4,105.06,420.24
1258,421,44,1,88.75,88.75
1259,421,13,3,129.36,388.08
1260,422,28,4,72.4,289.6
1261,422,7,3,34.45,103.35
1262,422,9,2,156.24,312.48
1263,422,48,1,11.44,11.44
1264,422,32,1,81.57,81.57
1265,423,12,1,84.29,84.29
1266,423,39,1,95.52,95.52
1267,423,43,4,97.63,390.52
1268,423,13,2,129.36,258.72
1269,423,48,3,11.44,34.32
1270,424,42,3,92.27,276.81
1271,424,22,1,171.26,171.26
1272,424,1,2,32.28,64.56
1273,424,11,4,116.73,466.92
1274,425,30,3,33.08,99.24
1275,425,43,3,97.63,292.89
1276,425,40,4,121.88,487.52
1277,425,7,3,34.45,103.35
1278,425,40,3,121.88,365.64
1279,426,36,2,62.5,125.0
1280,426,41,4,100.14,400.56
1281,426,11,4,116.73,466.92
1282,426,18,2,23.18,46.36
1283,427,5,4,40.72,162.88
1284,427,49,3,58.92,176.76
1285,427,18,3,23.18,69.54
1286,428,50,3,46.67,140.01
1287,428,44,4,88.75,355.0
1288,428,21,2,67.32,134.64
1289,428,50,1,46.67,46.67
1290,428,48,2,11.44,22.88
1291,429,35,2,20.5,41.0
1292,429,22,1,171.26,171.26
1293,429,27,2,88.65,177.3
1294,429,26,4,85.35,341.4
1295,430,46,1,105.06,105.06
1296,430,35,2,20.5,41.0
1297,430,7,4,34.45,137.8
1298,431,41,1,100.14,100.14
1299,432,6,4,28.2,112.8
1300,432,16,4,115.69,462.76
1301,433,6,1,28.2,28.2
1302,434,17,2,53.56,107.12
1303,434,14,3,45.13,135.39
1304,434,36,1,62.5,62.5
1305,435,3,1,10.19,10.19
1306,435,11,4,116.73,466.92
1307,435,6,4,28.2,112.8
1308,435,31,3,168.97,506.91
1309,435,19,1,83.88,83.88
1310,436,10,4,89.11,356.44
1311,436,1,4,32.28,129.12
1312,437,12,2,84.29,168.58
1313,438,8,3,119.26,357.78
1314,438,43,2,97.63,195.26
1315,438,7,1,34.45,34.45
1316,438,19,2,83.88,167.76
1317,438,24,2,15.55,31.1
1318,439,34,3,90.37,271.11
1319,440,11,1,116.73,116.73
1320,440,48,2,11.44,22.88
1321,441,47,3,39.26,117.78
1322,442,36,3,62.5,187.5
1323,442,19,4,83.88,335.52
1324,442,1,4,32.28,129.12
1325,442,50,2,46.67,93.34
1326,443,7,1,34.45,34.45
1327,443,42,1,92.27,92.27
1328,443,23,1,36.07,36.07
1329,443,32,3,81.57,244.71
1330,443,18,3,23.18,69.54
1331,444,41,3,100.14,300.42
1332,444,22,2,171.26,342.52
1333,444,41,2,100.14,200.28
1334,445,7,4,34.45,137.8
1335,445,45,1,146.75,146.75
1336,445,25,3,172.24,516.72
1337,445,25,2,172.24,344.48
1338,446,47,1,39.26,39.26
1339,446,10,1,89.11,89.11
1340,446,30,3,33.08,99.24
1341,446,15,3,145.25,435.75
1342,447,45,3,146.75,440.25
1343,448,17,3,53.56,160.68
1344,448,5,4,40.72,162.88
1345,448,5,4,40.72,162.88
1346,448,36,4,62.5,250.0
1347,448,25,2,172.24,344.48
1348,449,49,4,58.92,235.68
1349,449,9,4,156.24,624.96
1350,449,50,1,46.67,46.67
1351,450,41,1,100.14,100.14
1352,450,42,3,92.27,276.81
1353,450,16,1,115.69,115.69
1354,450,10,4,89.11,356.44
1355,451,46,2,105.06,210.12
1356,451,11,3,116.73,350.19
1357,452,44,3,88.75,266.25
1358,452,40,1,121.88,121.88
1359,452,2,3,45.39,136.17
1360,452,32,2,81.57,163.14
1361,453,46,1,105.06,105.06
1362,453,34,4,90.37,361.48
1363,453,8,3,119.26,357.78
1364,454,1,2,32.28,64.56
1365,455,14,3,45.13,135.39
1366,455,13,3,129.36,388.08
1367,455,28,2,72.4,144.8
1368,455,20,3,106.54,319.62
1369,456,48,2,11.44,22.88
1370,456,40,4,121.88,487.52
1371,457,50,2,46.67,93.34
1372,457,41,2,100.14,200.28
1373,458,46,2,105.06,210.12
1374,458,47,2,39.26,78.52
1375,458,6,2,28.2,56.4
1376,459,8,3,119.26,357.78
1377,459,21,2,67.32,134.64
1378,460,5,1,40.72,40.72
1379,461,31,4,168.97,675.88
1380,462,23,1,36.07,36.07
1381,462,42,1,92.27,92.27
1382,462,15,4,145.25,581.0
1383,462,32,3,81.57,244.71
1384,462,21,3,67.32,201.96
1385,463,11,3,116.73,350.19
1386,463,19,4,83.88,335.52
1387,463,45,2,146.75,293.5
1388,463,34,3,90.37,271.11
1389,464,45,2,146.75,293.5
1390,464,27,2,88.65,177.3
1391,464,21,1,67.32,67.32
1392,464,34,4,90.37,361.48
1393,465,26,1,85.35,85.35
1394,465,22,3,171.26,513.78
1395,465,42,4,92.27,369.08
1396,465,46,2,105.06,210.12
1397,466,44,1,88.75,88.75
1398,466,26,4,85.35,341.4
1399,466,2,3,45.39,136.17
1400,466,26,1,85.35,85.35
1401,467,23,2,36.07,72.14
1402,468,46,1,105.06,105.06
1403,468,3,3,10.19,30.57
1404,468,38,3,186.74,560.22
1405,468,50,3,46.67,140.01
1406,469,13,3,129.36,388.08
1407,469,38,2,186.74,373.48
1408,470,50,4,46.67,186.68
1409,470,32,3,81.57,244.71
1410,470,38,3,186.74,560.22
1411,471,3,4,10.19,40.76
1412,471,49,4,58.92,235.68
1413,472,37,4,91.63,366.52
1414,472,1,3,32.28,96.84
1415,473,25,4,172.24,688.96
1416,473,32,3,81.57,244.71
1417,473,3,4,10.19,40.76
1418,474,4,2,60.26,120.52
1419,474,10,2,89.11,178.22
1420,475,22,3,171.26,513.78
1421,476,42,4,92.27,369.08
1422,476,22,4,171.26,685.04
1423,477,45,2,146.75,293.5
1424,477,26,2,85.35,170.7
1425,478,35,1,20.5,20.5
1426,478,43,2,97.63,195.26
1427,478,13,4,129.36,517.44
1428,478,1,4,32.28,129.12
1429,479,19,3,83.88,251.64
1430,479,35,4,20.5,82.0
1431,480,2,3,45.39,136.17
1432,480,43,1,97.63,97.63
1433,480,35,4,20.5,82.0
1434,481,3,2,10.19,20.38
1435,482,39,2,95.52,191.04
1436,483,5,4,40.72,162.88
1437,483,23,1,36.07,36.07
1438,483,38,4,186.74,746.96
1439,484,9,3,156.24,468.72
1440,484,38,3,186.74,560.22
1441,484,39,3,95.52,286.56
1442,485,10,3,89.11,267.33
1443,485,44,3,88.75,266.25
1444,485,25,1,172.24,172.24
1445,485,14,4,45.13,180.52
1446,485,29,1,21.01,21.01
1447,486,20,2,106.54,213.08
1448,486,41,2,100.14,200.28
1449,486,32,3,81.57,244.71
1450,487,10,3,89.11,267.33
1451,487,37,4,91.63,366.52
1452,487,18,4,23.18,92.72
1453,488,29,4,21.01,84.04
1454,489,36,3,62.5,187.5
1455,489,33,4,42.14,168.56
1456,489,15,2,145.25,290.5
1457,489,47,2,39.26,78.52
1458,489,25,3,172.24,516.72
1459,490,5,4,40.72,162.88
1460,490,33,1,42.14,42.14
1461,490,17,1,53.56,53.56
1462,490,29,2,21.01,42.02
1463,491,31,2,168.97,337.94
1464,491,42,3,92.27,276.81
1465,491,27,3,88.65,265.95
1466,492,13,3,129.36,388.08
1467,492,11,4,116.73,466.92
1468,492,2,3,45.39,136.17
1469,493,10,3,89.11,267.33
1470,493,43,4,97.63,390.52
1471,493,47,4,39.26,157.04
1472,493,40,2,121.88,243.76
1473,494,47,1,39.26,39.26
1474,494,30,2,33.08,66.16
1475,495,41,3,100.14,300.42
1476,495,28,1,72.4,72.4
1477,496,14,2,45.13,90.26
1478,496,27,4,88.65,354.6
1479,497,5,1,40.72,40.72
1480,498,19,4,83.88,335.52
1481,499,2,1,45.39,45.39
1482,499,25,1,172.24,172.24
1483,499,22,4,171.26,685.04
1484,499,32,1,81.57,81.57
1485,499,4,1,60.26,60.26
1486,500,32,2,81.57,163.14
1487,500,37,1,91.63,91.63
1488,500,12,4,84.29,337.16
